job_title,company_name,address,job_description,job_source_url,job_posted_date,job_source,job_type
"RESPONSIVE WEB DEVELOPER II (REMOTE)
",Cella,Remote,"Location: Remote
Job Type: Contract
Compensation Range: $39.92 - 49.92 per hour
Our client is seeking a skilled and motivated Responsive Web Developer to join their team. In this role you will be responsible for developing, testing, and optimizing the user experience for the e-commerce website and mobile app of a B2C-focused company related to various salon-related products.

The ideal candidate is someone who can work collaboratively with the team, is passionate about web development, and has a deep understanding of front-end development technologies and methodologies. If you are looking for a challenging and new exciting opportunity, with career advancement potential, we'd love for you to apply!

Responsibilities:
Develop and lead coding test experiments through various web technologies.
Continually improve and optimize the user experience for the website and app.
Support user acceptance testing.
Demonstrate product expertise and knowledge of Salesforce Commerce Cloud and Mirakl platforms.
Participate in platform research and experimentation, prototype development, and concept exploration.
Ensure web accessibility compliance.
Support third-party sellers with synchronizing product catalogs, inventory, order management, and accounting on the platform with API integration methods.
Collaborate with internal stakeholders to problem-solve and find creative solutions for UX and design needs, while maintaining strong brand standards.
Qualifications:
Experience level: Experienced
Education: Bachelors
Strong knowledge of software development processes and concepts.
Experience with structured data formats such as XML and JSON.
Proficiency with internet-related technologies and languages such as FTP/SFTP, APIs, REST and SOAP, HTML, CSS, C#, JavaScript & web services.
Adept with Postman, including API key set up/retrieval, downloading & installing API libraries, and editing params or body data.
Understanding of web accessibility standards.
Experience working with iOS & Android mobile applications.
Familiarity with building test experiences in Google Optimize, Apptimize and/or Salesforce Commerce Cloud is a plus.
Familiarity with Figma & Photoshop is a plus.
JOBID: 1000911",https://www.indeed.com/jobs?q=developer&l=United+States&sc=0kf%3Ajt%28contract%29%3B&vjk=122cb23f4156adeb,Posted Today,Indeed,contract
"Backend Engineer
",Intone Networks,"San Bruno, CA","Primary Skills : Python Job Duties: • Develops innovation strategies, processes, and best practices. • Drives the execution of multiple business plans and projects. • Supports and ensures business objectives being met. • Leads the discovery phase of medium to large projects to come up with high level design. • Leads the work of other small group of 3 to 4 engineers for assigned Engineering projects • Leads and participates in end to end service implementations, data feeds ingestion, and orchestration. • Designs and implements low latency services. • Promotes and supports company policies, procedures, mission, values, and standards of ethics and integrity. • Troubleshoots business and production issues . • Strong experience in Python Django development needed. • Knowledge of GCP or Azure cloud is required.",https://www.indeed.com/jobs?q=developer&l=United+States&sc=0kf%3Ajt%28contract%29%3B&vjk=50fa2620a0ab6d53,Posted Today,Indeed,contract
"SOFTWARE DEVELOPER
",Capgemini,"Des Plaines, IL","Duration: 8+ months

Job Description:

Collaborate with product owners, UX designers, data analysts, scrum masters, and developers to develop a world-class user experience.
Recommend and effectively explain improvements in functionality, and UX elements that enable users to achieve their goals.
Be an expert in building working relationships across divisions.
Research, advocate and implement industry standard coding methodologies to improve workflows through the selection of evolving technologies and tools that your team will use to build expert-level user experiences.
Develop and continually improve client-side and server-side architecture for web applications.
Maintain reusable component libraries for design patterns.
Incorporate content management system into the application architecture

Qualifications
Java/Python AWS



The Capgemini Freelancer Gateway is enabled by a cutting-edge software platform that leads the contingent labor world for technology innovation. The software platform leverages Machine Learning and Artificial Intelligence to make sure the right people end up in the right job.

A global leader in consulting, technology services and digital transformation, Capgemini is at the forefront of innovation to address the entire breadth of clients’ opportunities in the evolving world of cloud, digital and platforms. Building on its strong 50 year heritage and deep industry-specific expertise, Capgemini enables organizations to realize their business ambitions through an array of services from strategy to operations. Capgemini is driven by the conviction that the business value of technology comes from and through people. It is a multicultural company of over 200,000 team members in more than 40 countries. The Group reported 2018 global revenues of EUR 13.2 billion.",https://www.indeed.com/jobs?q=developer&l=United+States&sc=0kf%3Ajt%28contract%29%3B&vjk=5fc222d27ddaaffe,Posted Today,Indeed,contract
"Backend Developer w/ Node.js
",DevsData,Remote,"Do you want to do impactful work that will be deployed to millions of citizens weekly? Do you want your input to be heard and taken into consideration? Apply and create a digital future with us!

45 000 - 75 000 USD net/year
B2B, long-term contract
Full-time
Remote
Direct employment by the client

We are looking for a Mid/Senior Backend Developer to join the growing team of an American start-up that provides clients with a banking-as-service API. It’s aimed to deliver integrated fintech solutions in a much faster and more efficient manner. They offer a variety of services, such as financial services or infrastructure management, that are meant to decrease time-to-market and launch products in a compliant way.

Requirements
4+ years of experience as a Backend Developer
JavaScript/TypeScript and Node.js proficiency
Experience with Express or Koa framework
Good understanding of non-relational databases
Hands-on experience in building REST APIs
Nice to have
Experience with AWS Cloud
Responsibilities
Write complex, clean, and reusable code
Take part in the design of scalable infrastructure
Ensure that new solutions are in compliance with the existing code
Help establish high quality by debugging and solving problems in the application
Work closely with other teammates, reviewing their designs if needed
What do we offer?
Remote work
Long-term contract
Autonomous work culture
No tight deadlines and loose start-up atmosphere
5,000 PLN if we hire an engineer based on your recommendation
Please include GDPR consent
I acknowledge, that by submitting the form I give consent for my personal data included in the application to be processed by DevsData LLC for the purposes of current and future recruitment processes in accordance with Art. 6 paragraph 1 letter a of the Regulation of the European Parliament and of the Council (EU) 2016/679 of 27 April 2016 on the protection of natural persons with regard to the processing of personal data and on the free movement of such data, and repealing Directive 95/46/EC (General Data Protection Regulation).

Remote
Backend Developer w/ Node.js
NET/MONTH - B2B
3 700 - 6 200 USD

APPLY VIA EMAIL
recruitment@devsdata.com",https://www.indeed.com/jobs?q=developer&l=United+States&sc=0kf%3Ajt%28contract%29%3B&vjk=92fff76bd72372f0,Posted Today,Indeed,contract
"Node.js Developer (Remote)
",cloudteam,"Jacksonville, FL 32256","Seeking a Mid-Level Node.js Developer for a 100% Remote position to develop Healthcare apps.
Tech Stack
Node.js
RESTful APIs
Backend Development Skills
JavaScript, CSS, HTML, ES6 and Material-UI design theme.
Agile development
Required experience
3-5 years of IT development/programming/coding professional work experience
Familiarity with code versioning tools.
Familiarity with RESTful APIs.
Strong backend development skills working with APIs and databases / SQL.
Experience with browser-based debugging and performance testing software.
Healthcare experience (preferred)",https://www.indeed.com/jobs?q=developer&l=United+States&sc=0kf%3Ajt%28contract%29%3B&vjk=a9f96f11ea68072f,Posted Today,Indeed,contract
"C++ Developer
",TeknoSpar,Remote,"Job Title: C++ Developer
Remote position.
Design, build and maintain efficient and reliable C++ code.
Maintenance and care of C++ code quality",https://www.indeed.com/jobs?q=developer&l=United+States&sc=0kf%3Ajt%28contract%29%3B&vjk=a286269081c62708,Posted Today,Indeed,contract
"Angular developer
",Intone Networks,Remote,"• 3+ years of experience in delivering IT solutions in an enterprise digital landscape • Hands-on experience for at least 3 years experience in Angular 8+ using Typescripts • Adapting interface for modern internet applications using the latest front-end technologies. • Writing JavaScript, CSS, and HTML. • Making complex technical and design decisions for Angular frameworks • Rest Web Services. • Follow the technical specifications and implement cleaner code with test driven development. • Good understanding on consuming REST Services, 3rd party integrations such as social media networks. • Solid experience in Unit Testing frameworks to reach a high level of quality and coverage. • Extensive experience with Git or VSTS. • Consulting with the design team. • Ensuring high performance of applications and providing support. • Hosting the application in .NET or Node JS host engines.",https://www.indeed.com/jobs?q=developer&l=United+States&sc=0kf%3Ajt%28contract%29%3B&vjk=1fd77274ba7267bb,Posted Today,Indeed,contract
"Senior Full-Stack Software Engineer
",SQA Group,Remote,"**This is a Contract Role**
SQA Group is a tech and advisory services firm helping companies maximize two business differentiators — quality and data. We help both tech and business leaders see around corners, stand-up new capabilities, and elevate software quality and data as competitive advantages that help drive towards next.
SQA is partnering with a leading insurer in Providence, RI to help support their development of technology solutions. We are looking for a Senior Software Engineer with GIS experience to work on our cross-platform software libraries. The ideal candidate will have strong experience in writing Python code, with prior exposure to C# code and Javascript for a variety of platforms. They will also have prior knowledge of software library encapsulation and construction. Previous experience with the Agile SDLC methodology is preferred.
What You Bring
3+ years of in-depth experience in object-oriented business application design and development in a multi-tiered environment
Strong proficiency with Python 3 and commonly used geospatial toolsets
Past experience with Javascript and experience in developing software library packages for Javascript environments
Past experience with C#, .NET, data structures, basic algorithms and applying object-oriented principles and design patterns
A strong understanding of design patterns and structural code
Self-motivated to stay ahead of development technologies, tools, and implementation patterns and a desire to share this knowledge within teams and the broader organization
Experience in Unit Testing frameworks
Experience in Version Control tools like GIT and IDE like VS Code, Visual Studio
Experience with GIS tools such as ArcGIS preferred
Exposure to automated tests using Selenium and Cypress preferred
Exposure to GraphQL technologies such as Hasura preferred
What You’ll Do
On a daily basis construct code and unit tests in C#, Python or Javascript to implement library features according to an established technical design
Collaborate with the dev lead on the technical design direction of the libraries, advise them on potential directions and opportunities of feature implementations
Participate in technical refinement ceremonies, identify inter-sprint technical dependencies and raise dependency risks that may need to be mitigated during PI planning
Contribute to the design of library features according to acceptance criteria outlined by the product owners
Create automated tests for testing features, including a variety of code paths and stress-testing corner cases
Release code to the dev lead for reviewing and publishing to library consumers
Thank you for your interest in pursuing a career at SQA Group! This role is fully remote. SQA Group is an equal opportunity employer and supports workforce diversity. This job description is intended to describe the general nature and level of work being performed by the person assigned to this position. The primary duties and responsibilities above are intended to describe those functions that are essential to the performance of this job. This job description does not state or imply that the above are the only duties and responsibilities assigned to this position. All requirements are subject to possible modification to reasonably accommodate individuals with a disability.
Job Types: Full-time, Contract
Pay: From $80.00 per hour
Benefits:
401(k)
Dental insurance
Health insurance
Paid time off
Schedule:
Monday to Friday
COVID-19 considerations:
Role is fully remote
Application Question(s):
Are you open to consulting work?
Work Location: Remote

Health insurance",https://www.indeed.com/jobs?q=developer&l=United+States&sc=0kf%3Ajt%28contract%29%3B&vjk=93d76ae3877ca8b4,Posted Today,Indeed,contract
"GIS Developer/ Lead
",SQA Group,Remote,"**This is a Contract Role***
SQA Group is a tech and advisory services firm helping companies maximize two business differentiators — quality and data. We help both tech and business leaders see around corners, stand-up new capabilities, and elevate software quality and data as competitive advantages that help drive towards next.
SQA Group is partnering with our Insurance client to support their GIS development projects. We are seeking a GIS Developer/Lead who is a senior software engineer with a strong background in geographic information systems looking to enhance their technical skills and grow as a technical leader.
As a GIS Developer/Lead, you will lead and mentor in the design, development, enhancement, and maintenance of scalable GIS web-based applications. You will play a lead role in building solutions involving diverse development platforms, software, hardware, technologies, and tools, ensuring that technologies align with enterprise-wide technical architecture and ensure consistency across products.
What You’ll Do
Help the development team to resolve technical issues and advance technical risks
Make final code-level technical design decisions grounded in industry standards and design patterns to be followed by the development team
Lead technical design sessions and refinement ceremonies, coordinate inter-sprint technical dependencies, and represent the development team during PI planning
Perform code reviews for code quality and security standards compliance based
Review automated tests for completion, coverage, and necessary complexity
Collaborate with CI/CD resources to ensure the completion of automated deployment pipelines and creation of a robust release promotion strategy
Perform disaster recovery planning for the solution – identify components, formulate the plan, and provide necessary team members resources for disaster recovery
What You Bring
GIS Technical Expertise and the ability to work both independently and as a member of a team, building GIS web-based applications
Experience designing and building GIS solutions that are maintainable, scalable, extensible, and highly tested
Excellent communication skills and ability to collaborate across teams
Strong problem-solving skills
Commitment to delivery and quality excellence
A desire to learn and apply technology in a pragmatic way to create client value
5+ years of experience developing GIS applications with ESRI products
Strong knowledge of ArcGIS Server product suite (10.8 and up) and strong knowledge of ArcGIS Server client APIs
Strong relational database experience, Postgres and SQL Server a plus
Strong knowledge of JavaScript/HTML5/CSS3
Experience with publishing maps to ArcGIS Enterprise
Experience with ArcGIS Workflow Manager/JTX
Experience with ArcGIS JavaScript SDK and web app builder
Proficient in Python, ArcPy, and ArcGIS API for Python
Extensive knowledge in ESRI Product suite, ArcGIS Server, Portal, ArcGIS Online
Experience in API design, RESTful Web Services, Architecture, and Web standards
Experience with data migration and data manipulation with safe FME or other database ETL tools
Experience in performance tuning SDE Databases
Thank you for your interest in pursuing a career at SQA Group! This role is fully remote. SQA Group is an equal opportunity employer and supports workforce diversity. This job description is intended to describe the general nature and level of work being performed by the person assigned to this position. The primary duties and responsibilities above are intended to describe those functions that are essential to the performance of this job. This job description does not state or imply that the above are the only duties and responsibilities assigned to this position. All requirements are subject to possible modification to reasonably accommodate individuals with a disability.
Job Types: Full-time, Contract
Pay: From $82.00 per hour
Benefits:
401(k)
Dental insurance
Health insurance
Paid time off
Schedule:
Monday to Friday
COVID-19 considerations:
Role is fully remote
Application Question(s):
Are you open to consulting work?
Work Location: Remote

Health insurance",https://www.indeed.com/jobs?q=developer&l=United+States&sc=0kf%3Ajt%28contract%29%3B&vjk=d11ec6223c665344,Posted Today,Indeed,contract
"Senior Fullstack Developer
",DevsData,Remote,"Do you want to do impactful work in a company where communication is like a startup, but has the numbers of a big company? Do you want to focus on your development and work in an environment that can provide it for you? Apply and create your future with us!

42 000 PLN - 48 000 PLN (up to 10 500$/month)
100% remote work
Full time
B2B contract
Direct employment by the company

We’re looking for a Fullstack Developer with Java, React and Kotlin for an international company – a pioneer in container shipping. Unique strategy as a digital-oriented, asset-light, global niche carrier offers distinctive advantages, allowing the company to provide innovative and premium customer-centric services while maximizing profitability. In a dynamic shipping and logistics environment, the company has set itself apart as a carrier with a fresh, unique approach.

Requirements
5+ years of commercial experience
4+ years of experience with Java and React
Experience with Kotlin
Experience in implementing cloud infrastructure, micro-services and continuous integration pipelines
Experience in performing unit, integration and E2E tests
An Engineering Mindset with Excellent Problem Solving skills
Fluent English
Great communication skills
Passion for learning and overseeing the future of web development
Responsibilities
Implement solutions to the software engineering problems, from conception to delivery
Guide the other software developers on the team
Practicing pair programming, brainstorming and cross-code review
Taking part in complex and creative tasks, working with graphics, touch devices, animations
Assist other team members in making the right software design choices
Working in XP methodology with remote pair programming
What do we offer?
100% Remote work
Long-term cooperation
Trips to the headquarters in Israel
Opportunity to realize your creative potential
Direct impact on the product
Career development and professional growth
Please include GDPR consent
I acknowledge, that by submitting the form I give consent for my personal data included in the application to be processed by DevsData LLC for the purposes of current and future recruitment processes in accordance with Art. 6 paragraph 1 letter a of the Regulation of the European Parliament and of the Council (EU) 2016/679 of 27 April 2016 on the protection of natural persons with regard to the processing of personal data and on the free movement of such data, and repealing Directive 95/46/EC (General Data Protection Regulation).

Remote
Senior Fullstack Developer
NET/MONTH - B2B
42 000 PLN - 48 000 PLN

APPLY VIA EMAIL
recruitment@devsdata.com",https://www.indeed.com/jobs?q=developer&l=United+States&sc=0kf%3Ajt%28contract%29%3B&vjk=0f9bc6a4e5a35a63,Posted Today,Indeed,contract
"Front End Developer
",Capgemini,"Waltham, MA","Duration: 8+ months

Job Description:
Strong development skills- React
UI/UX development lead experience
Hands on experience with Java script
Experience building reusable components
Backend system integration experience
HTML5, CSS; Node JS - Good to Have
Experience with built on open source platform

The Capgemini Freelancer Gateway is enabled by a cutting-edge software platform that leads the contingent labor world for technology innovation. The software platform leverages Machine Learning and Artificial Intelligence to make sure the right people end up in the right job.

A global leader in consulting, technology services and digital transformation, Capgemini is at the forefront of innovation to address the entire breadth of clients’ opportunities in the evolving world of cloud, digital and platforms. Building on its strong 50 year heritage and deep industry-specific expertise, Capgemini enables organizations to realize their business ambitions through an array of services from strategy to operations. Capgemini is driven by the conviction that the business value of technology comes from and through people. It is a multicultural company of over 200,000 team members in more than 40 countries. The Group reported 2018 global revenues of EUR 13.2 billion.",https://www.indeed.com/jobs?q=developer&l=United+States&sc=0kf%3Ajt%28contract%29%3B&vjk=d46b9b15070f6d64,Posted Today,Indeed,contract
"Front end Developer
",Gazelle Global Consulting,Remote,"IT
CR/072760
Contract
My international leading company is urgently looking for a Front End Engineer.
Location: 100% remote from Europe
Duration: 6-12 months
Language: English
Rate: 400 Eur/day
Skills:
Experience of Implementing AEM with Slightly
Hands on Vue.js, Node JS, HTML5,CSS.
Knowledge on Jenkins ,Maven, Sonar, Git Bucket, Jira Tools.
Hands on AEM Templates and Components .
Review of Code and Design Knowledge
Slots are limited, interviews are starting in the coming days!
If you are interested in this position and would like to be considered send me your CV ASAP. If you know someone that may be interested in this position or considered a good fit please send me their details as soon as you can, so I can get in contact with them.
Job Reference: CR/072760
Salary:
Salary per: Day
Job Duration: 6-12 Months
Job Start Date: ASAP
Job Type: Contract
Job Industry: IT
Job Skill: CSS, Frontend Developer Vue.js, HTML5, Node.js

Contact Name: Anastasia Demciucena
Contact Email: adresponses@gazellegc.com
Contact Tel: +44(0)2035887706",https://www.indeed.com/jobs?q=developer&l=United+States&sc=0kf%3Ajt%28contract%29%3B&vjk=da83ff9a77fa6e57,Posted Today,Indeed,contract
"Core Java Developer
",Realign LLC,"Alberta, VA","Job Type: Contract
Job Category: IT
Job Description
Participate in all aspects of the SDLC (analysis, design, coding testing & implementation)
Must be able to work as an independent developer with no/minimal local oversight
Work with onshore and offshore team members from IT and Ops
Analyze business requirements; write functional and minor development specifications
Code solutions that meet the business requirements in a timely and accurate manner
Must have significant experience developing applications under an onshore-offshore model
Capability to approach problems as challenges and deal with them positively and constructively.
Sets an example for team members in the following manner: hard work, a focus on client delivery, preparedness, organization, a positive attitude and respect for others.
Required Skills
Cloud Developer",https://www.indeed.com/jobs?q=developer&l=United+States&sc=0kf%3Ajt%28contract%29%3B&vjk=4eec50d69aae9896,Posted Today,Indeed,contract
"C++ Developer
",Kaizen Technologies,"1 State Route 27, Edison, NJ 08820","Required Skills :

C++ Developer


Job Description :

C++ Developer
Tampa, FL (Day 1 Onsite Work)
Long Term Contract

Job Description :
Bachelor's degree in computer science, information systems, or similar.
C++ certification preferred.
Current knowledge of C++ standards and specifications.
Proficiency in C++ compliant languages such as C, Java, and Python.
Extensive experience in deploying software across a variety of platforms and operating systems.
Knowledge of SQL, JavaScript, and XML.
Superb analytical and problem-solving skills.
Excellent collaboration and communication skills.
Great organizational and time management skills.",https://www.indeed.com/jobs?q=developer&l=United+States&sc=0kf%3Ajt%28contract%29%3B&vjk=e49d03acdce167d0,Posted Today,Indeed,contract
"UI Developer ?€? React
",Kaizen Technologies,"Austin, TX","Required Skills :

HTML/CSS/JavaScript


Job Description :

UI Developer - React
Austin, TX - Onsite from day 1
Contract


Must to have skills

HTML/CSS/JavaScript

ReactJS

REST APIs

Sass/Scss",https://www.indeed.com/jobs?q=developer&l=United+States&sc=0kf%3Ajt%28contract%29%3B&vjk=79e8fdc95e63eb70,Posted Today,Indeed,contract
"React Developer
",Capgemini,Remote,"Duration: 6 months

Duties and Responsibilities:
Should have 6+ years of experience in UI Development
Design and implement Web-based application using HTML, CSS, Javascript, Jquery , and ReactJS
Needs recent experience with ReactJS, GraphQL, AWS Amplify
Evaluate, suggest, and outline improvements to existing interface flows
Experience with Google Map API.
Build and maintain scalable web applications using custom, reusable, and responsive UI components
Work closely with design teams and business owners to define, design, and implement features.
Knowledge / experience required in jQuery, Typescript/ES6 needed
Knowledge on Hand on with AEM preferred
Good experience in Bitbucket
Page load optimizations and ability to write optimized JavaScript code
Good communication skills
Assess effort for delivering project

The Capgemini Freelancer Gateway is enabled by a cutting-edge software platform that leads the contingent labor world for technology innovation. The software platform leverages Machine Learning and Artificial Intelligence to make sure the right people end up in the right job.

A global leader in consulting, technology services and digital transformation, Capgemini is at the forefront of innovation to address the entire breadth of clients’ opportunities in the evolving world of cloud, digital and platforms. Building on its strong 50 year heritage and deep industry-specific expertise, Capgemini enables organizations to realize their business ambitions through an array of services from strategy to operations. Capgemini is driven by the conviction that the business value of technology comes from and through people. It is a multicultural company of over 200,000 team members in more than 40 countries. The Group reported 2018 global revenues of EUR 13.2 billion.",https://www.indeed.com/jobs?q=developer&l=United+States&sc=0kf%3Ajt%28contract%29%3B&radius=50&start=10&pp=gQAPAAAAAAAAAAAAAAAB_s_kNgArAQEBBgVl4oOZ_R9ymFj1W7lsmmwN-LDZcB77iYaqOzdfSblRGM0jcRSJCAAA&vjk=15a32e20c26089e6,Posted Today,Indeed,contract
"Backend Web Developer - Machine Learning - Remote
",ASK Consulting,"Seattle, WA","Job Type:Contract
Posted 13 days ago

Expiry Date: 23 April 2023
Referral: 224585@accuick.com
Job Description:
Proven expertise of building reliable and scalable web services
Expertise with back-end frameworks (e.g., FastAPI, Flask, Express)
Expertise with web-stack development in a Linux environment; preferred language: Python or JavaScript (Typescript)
(Good to have):
Experience with front-end frameworks such as Vue (preferred), React, Angular
Basic machine learning knowledge
Able to learn new software, pipeline, and procedures quickly
Key Search Terms:
Web development, backend, Kubernetes, PostgreSQL, Docker, python, node.js, FastAPI, Flask, and Express.
About ASK: ASK Consulting is an award-winning technology and professional services recruiting firm servicing Fortune 500 organizations nationally. With 5 nationwide offices, two global delivery centers, and employees in 42 states-ASK Consulting connects people with amazing opportunities
ASK Consulting is an equal opportunity employer. We celebrate diversity and are committed to creating an inclusive environment for all associates.",https://www.indeed.com/jobs?q=developer&l=United+States&sc=0kf%3Ajt%28contract%29%3B&radius=50&start=10&pp=gQAPAAAAAAAAAAAAAAAB_s_kNgArAQEBBgVl4oOZ_R9ymFj1W7lsmmwN-LDZcB77iYaqOzdfSblRGM0jcRSJCAAA&vjk=c6d0a2f18a7a1e2a,Posted Today,Indeed,contract
"WEB DEVELOPER
",RocketVox,"Birmingham, AL","Engineering — Birmingham, Alabama
ABOUT THE JOB
Do you love Internet Explorer? Move along, nothing to see here ... but if you're a high-energy geek we need web developers that understand less is more, duties include:
Maintaining our customer portals and internal web-based tools
Work closely with our core programming team to improve our API
ABOUT YOU
Knowlegable in HTML5 and CSS3
Above average understanding of JQuery
Basic familiarity with PHP and server-side languages
We love Git, you should too
A deep understanding of Linux
Experience with n-tier environments
Independent worker, team thinker
ABOUT US
We enable small businesses and entreprenuers with a powerful cloud-based virtual phone system and every day we work hard to make the experience better.
Flexible hours
Work from home opportunities
Profit sharing and bonus programs
Full and part-time contract work available
Work hard, play hard
Interested? jobs@rocketvox.com",https://www.indeed.com/jobs?q=developer&l=United+States&sc=0kf%3Ajt%28contract%29%3B&radius=50&start=10&pp=gQAPAAAAAAAAAAAAAAAB_s_kNgArAQEBBgVl4oOZ_R9ymFj1W7lsmmwN-LDZcB77iYaqOzdfSblRGM0jcRSJCAAA&vjk=3f0e03c41e66d161,Posted Today,Indeed,contract
"Full stack developer
",Capgemini,"Des Plaines, IL","Duration: 9+ months

Job Description:

Software development using the following skills:
java, AWS, angular, ECS, microservices, bitbucket, Bamboo, S3, storage gateway, MSSQL, PostgreSQL, JavaScript.
An AWS certification is a plus.
Data analytics experience a plus(AI, ML, Tableau)
QualificationsJava, AWS, angular, ECS, microservices, bitbucket, Bamboo, S3, storage gateway, MSSQL, PostgreSQL, JavaScript. An AWS certification is a plus. Data analytics experience a plus(AI, ML, Tableau)



The Capgemini Freelancer Gateway is enabled by a cutting-edge software platform that leads the contingent labor world for technology innovation. The software platform leverages Machine Learning and Artificial Intelligence to make sure the right people end up in the right job.

A global leader in consulting, technology services and digital transformation, Capgemini is at the forefront of innovation to address the entire breadth of clients’ opportunities in the evolving world of cloud, digital and platforms. Building on its strong 50 year heritage and deep industry-specific expertise, Capgemini enables organizations to realize their business ambitions through an array of services from strategy to operations. Capgemini is driven by the conviction that the business value of technology comes from and through people. It is a multicultural company of over 200,000 team members in more than 40 countries. The Group reported 2018 global revenues of EUR 13.2 billion.",https://www.indeed.com/jobs?q=developer&l=United+States&sc=0kf%3Ajt%28contract%29%3B&radius=50&start=10&pp=gQAPAAAAAAAAAAAAAAAB_s_kNgArAQEBBgVl4oOZ_R9ymFj1W7lsmmwN-LDZcB77iYaqOzdfSblRGM0jcRSJCAAA&vjk=8c3df71513460ec1,Posted Today,Indeed,contract
"Remote - JAVA DEVELOPER
",Value Info Tech,Remote,"Work Authorization
US Citizen
GC
H1B
EAD (OPT/CPT/GC/H4)
Preferred Employment
Corp-Corp
W2-Permanent
W2-Contract
1099-Contract
Contract to Hire
Job Details
Experience
:
Senior
Rate/Salary ($)
:
Market
Duration
:
12 Months
Sp. Area
:
Java, J2EE, Java Full Stack
Sp. Skills
:
Full Stack Java Developer
Consulting / Contract
Third Party OK
Direct Client Requirement
Remote Work from Home
Required Skills :
Agile, JAVA, JSON, SQL
Preferred Skills :
Domain :

Job Description :
Must have experience in SQL.
Advanced knowledge of web service technologies like JSON, RESTful services.
Experience working with Oracle Relational Database
Work as a multi-skilled professional practicing Agile/SCRUM methodology.",https://www.indeed.com/jobs?q=developer&l=United+States&sc=0kf%3Ajt%28contract%29%3B&radius=50&start=10&pp=gQAPAAAAAAAAAAAAAAAB_s_kNgArAQEBBgVl4oOZ_R9ymFj1W7lsmmwN-LDZcB77iYaqOzdfSblRGM0jcRSJCAAA&vjk=e5cd13ae6c37f749,Posted Today,Indeed,contract
"Full Stack Developer
",Dallas Endoscopy,Remote,"Full Stack Developer
A little about us
We're a close-knit company serving the healthcare sector. We'd like a talented and experienced software developer to join our team. We have many interesting, meaty projects for you to tackle.
You
You're a programmer who likes working on a small team.
You want a 100% remote work-from-home job.
You've used .NET Core (5+), SQL, Blazor, and Azure DevOps in the last 24 hours.
You're comfortable doing front-end and back-end work.
You like working in an environment where your performance matters and you can make a big difference.
You're Ok with a three-month contract-to-hire situation.
The ""I read the posting"" bonus: Mention the word ""pineapple"" in your cover letter and we promise to send you a pre-interview email.
The Job
The company is based in Dallas, TX, but we’re 100% remote. This position is contract-to-hire, with a review 3 months in.
You’ll start by taking instruction from our software architect and advice from our current software developer. As you grow into the role assume responsibility for projects and features in our product suite.
Qualifications/Experience
C# .NET, preferably .NET Core 5+ – 5 years (Required)
MS SQL 2012+ – 5 years (Required)
CSS3 & HTML5 / UX - Can you set up flexbox and grid layouts? (Very Strongly Preferred)
Docker and an Orchestrator (K8s, Swarm, etc.) - (Strongly preferred)
HL7 experience - Have you parsed HL7 messages for at least one project - ideally several? (Strongly preferred)
PHP Experience – for porting (Desired)
Angular 2, React, or VueJS – (Encouraged)
GoLang Experience – for porting (Optional)
Work from home and/or remote work experience – the more the better (Strongly Preferred)
Full Job Description
Mid-Level / Senior Full Stack Developer

DFW-Based Medical software company is looking for a Full Stack Developer to join our small team. The position will be almost entirely remote, so you need a good internet connection. Periodic travel (conferences) may be needed.
Responsibilities will include but not limited to:
Develop and maintain applications using C# .NET 5+ and modern front end libraries.
Maintain legacy apps where possible and port to new architecture where not.
Modify existing and develop new features across a variety of medically related systems.
Required Skills
5+ years writing high performance, multi-tier, secure web apps
Strong software development discipline while still being flexible enough to do what’s needed in a pinch
Strong SQL skills in both Query and Schema design
Good understanding of REST without being dogmatic
Understand the value of documentation, and consistently put it into practice
Some experience with Microservice architecture (for legacy code)
Passing familiarity with GraphQL will be useful for porting
Must be self-driven and able to work independently. We'll give you everything you need to get a solid start and we're helpful team players, but we won't micromanage you
Education
Bachelor’s degree in computer related field or 6 years experience in addition to the qualifications and experience listed above
Company
Medical software company established in 2010. We have a variety of products that service stand alone Surgery Centers and offices
Etc

Pay: $100,000 - $120,000 DPE + medical/dental/vision + 401(k)

Job Type: Full-Time

Not providing VISA sponsorship for this job",https://www.indeed.com/jobs?q=developer&l=United+States&sc=0kf%3Ajt%28contract%29%3B&radius=50&start=10&pp=gQAPAAAAAAAAAAAAAAAB_s_kNgArAQEBBgVl4oOZ_R9ymFj1W7lsmmwN-LDZcB77iYaqOzdfSblRGM0jcRSJCAAA&vjk=2eafecc56bbfa2a3,Posted Today,Indeed,contract
"PHP Developer
",Veridic Solutions,Remote,"We are looking for an experienced PHP Developer who will write quality code and deliver results within reasonable time terms. You will work as a part of a full-stack creative team that is responsible for all aspects of the ongoing software development from the initial specification, through to developing, testing and launching.
You should be able to adhere to high standards of PHP coding and work in a timely and scalable way. Besides we expect you to be a good team player and oriented at finding optimal ways to solving problems.
PHP Developer responsibilities are:
Produce “clean” and well-structured code, with detailed specifications
Collaborate with the team in all phases of the development lifecycle
Troubleshoot, test and maintain the core product software and databases to ensure strong optimization and functionality
Design and implement new features to facilitate related procedures and tools if necessary
Stay informed about industry best practices
PHP Developer requirements are:
3+ years' experience of working on a PHP Developer position
Solid experience with of web technologies including HTML, CSS, Javascript, AJAX and so on
Excellent knowledge of relational databases, version control tools and of developing web services
Good understanding of open source projects like Joomla, Drupal, Wikis, osCommerce, etc
Experience in common third-party APIs (Google, Facebook, Ebay etc)
Desire to develop new bold ideas, while constantly following best design and coding practices
BS or MS degree in Computer Science, Engineering or other related area",https://www.indeed.com/jobs?q=developer&l=United+States&sc=0kf%3Ajt%28contract%29%3B&radius=50&start=10&pp=gQAPAAAAAAAAAAAAAAAB_s_kNgArAQEBBgVl4oOZ_R9ymFj1W7lsmmwN-LDZcB77iYaqOzdfSblRGM0jcRSJCAAA&vjk=ed46834724b5e4b4,Posted Today,Indeed,contract
"ASP.NET C# Developer
",SQA Group,Remote,"**This is a Contract Role**
SQA Group is a tech and advisory services firm helping companies maximize two business differentiators — quality and data. We help both tech and business leaders see around corners, stand-up new capabilities, and elevate software quality and data as competitive advantages that help drive towards next.
SQA Group is seeking a C# Developer/Software Engineer with hands on, advanced, C# coding experience to help support upcoming initiatives.
What You Bring
Strong C# experience
Senior Level Consultant
10+ years experience
Thank you for your interest in pursuing a career at SQA Group! This role is fully remote. SQA Group is an equal opportunity employer and supports workforce diversity. This job description is intended to describe the general nature and level of work being performed by the person assigned to this position. The primary duties and responsibilities above are intended to describe those functions that are essential to the performance of this job. This job description does not state or imply that the above are the only duties and responsibilities assigned to this position. All requirements are subject to possible modification to reasonably accommodate individuals with a disability.
Job Types: Full-time, Contract
Benefits:
401(k)
Dental insurance
Flexible spending account
Health insurance
Health savings account
Life insurance
Vision insurance
Schedule:
Monday to Friday
COVID-19 considerations:
Role is fully remote
Application Question(s):
Are you open to consulting work?
Do you have a minimum of 7 years' experience with C#?
Do you have a minimum of 8 years experience as a Software Engineer or Developer?
Work Location: Remote

Health insurance",https://www.indeed.com/jobs?q=developer&l=United+States&sc=0kf%3Ajt%28contract%29%3B&radius=50&start=10&pp=gQAPAAAAAAAAAAAAAAAB_s_kNgArAQEBBgVl4oOZ_R9ymFj1W7lsmmwN-LDZcB77iYaqOzdfSblRGM0jcRSJCAAA&vjk=fbeca9602867243f,Posted Today,Indeed,contract
"BLOCKCHAIN CURRICULUM DEVELOPER (CONTRACT/REMOTE)
",Metaverse Academy,Remote,"High level Description of Responsibilities
Work with the company principals and faculty members to refine and advance instructional design of existing courses and new delivery models. Help codify course inventory into saleable assets and help innovate new ways to deliver course content.
Specific Skills Include:
Work closely with the instructional designer.
Develops and write course curriculum.
Edits and develops online learning materials.
Passionate about metaverse.
Designs learning activities, assignments, and assessments.
Upload content to the LMS.
Basic level of English
Technical Skills Include:
1+ year of experience with Solidity.
Development of smart contract in the Ethereum network.
knowledge of JavaScript or Python.
Design and test smart contracts.
Experience with Dapps.
Experience with GitHub.",https://www.indeed.com/jobs?q=developer&l=United+States&sc=0kf%3Ajt%28contract%29%3B&radius=50&start=10&pp=gQAPAAAAAAAAAAAAAAAB_s_kNgArAQEBBgVl4oOZ_R9ymFj1W7lsmmwN-LDZcB77iYaqOzdfSblRGM0jcRSJCAAA&vjk=b69110256bb2a9bd,Posted Today,Indeed,contract
"Node.JS Developer Mid-Level (Remote)
",Pure Integration - Consulting,"Herndon, VA 20171","Company Description

pureIntegration, a technology consulting firm with 17+ years of experience servicing fortune 100 clients is seeking a Full Stack Developer (Node.js, NoSQL, AWS) to join our growing team developing video platforms that handle billions of requests and millions of users. The team designs, develops, delivers innovative products and services that are essential to bringing Internet, TV and voice to more than 28 million residential and business customers.
Location: Remote
Work Arrangement: Full Time Employee (FTE).
Visa Sponsorship: CPT, OPT/EAD - pureIntegration is sponsoring Visa applicants of all kinds. We will assist in your paperwork applications and for qualified applicants MAY assist with your Green Card application (NO C2C)
Technologies: 5 + years' experience with Node.js, NoSQL Databases (MongoDB), AWS, and JavaScript.
Responsibilities: Responsibilities range from high-level logical architecture through low-level detailed design and implementation, including:
Design, build and scale sophisticated high-volume server-side applications and frameworks.
Write reusable, testable and maintainable code.
Collaborate with project stakeholders to identify product and technical requirements.
Conducts analysis to determine integration needs.
Write code that meets functional requirements and is testable and maintainable.
Have a passion for test driven development.
Work with Quality Assurance team to determine if applications fit specification and technical requirements.
Produce technical designs and documentation at varying levels of granularity.
Qualifications:
Must be able to manage and develop additional features on existing code bases written in JavaScript & Node.js
Should be able to design and architect microservices.
The ideal candidate must have at least 5 years of experience of working experience in building User Interfaces as well as writing backend services.
Must be knowledgeable of cloud technologies such as AWS or equivalent (Azure, GCP)
Must be able to design data models and recommend databases according to the requirements.
Must be familiar with NoSQL databases and query languages.
Should be able to have a good understanding of securing data in transit and at rest.
Should be able to provide high-level designs, and architecture of systems, and execute them.
Should be able to design and implement code build and deployment pipelines using declarative languages. Example: Concourse CI
Should be able to manage cloud infrastructure using Docker on Fargate Containers, Kubernetes, etc.
Should be well versed with cutting-edge design paradigms such as Stream processing, Microservice architecture, GraphQL, Restful Design, etc.
Ambitious and highly motivated to deliver outstanding solutions with minimal mentorship.
Strong problem-solving and debugging skills and experience in monitoring, alerting, and distributed tracing.
Strong communication and collaboration skills.
Should be flexible to understand the technology dynamics and be adaptable using assigned tools/technologies.
Candidate must have an assertive personality and be able to elaborate on personal experiences throughout the process.
Bachelor’s degree in engineering, Computer Science or a related field, or relevant work experience.
Preferred Skills:
Experience zero downtime/impact releases, feature flagging, and experimentation.
Experience in working Single Sign On applications is a huge plus.

Additional Information

All your information will be kept confidential according to EEO guidelines.
Are you self-motivated, collaborative, and client-focused? Are you looking for a challenging and rewarding career? Then pureIntegration would love to hear from you! Your career journey starts here!
pureIntegration, a systems integration company headquartered in the Washington DC area, serves clients in the fastest growing industries – communications, media, and entertainment. Our industry-focused offerings and collaborative client approach has resulted in a 97% client satisfaction rating.
As a leading service organization, we recognize our most valuable assets are our people, both as individuals and how they come together as a whole. As such, we encourage our team members to become fearless in exploring ideas and opportunities to act on them.
In over 18 years of Digital Transformation consulting and professional services, pureIntegration has successfully designed, integrated, and deployed winning solutions at scale which have resulted in measurable performance increases. Most importantly, we have done it while maintaining 97% client satisfaction for the past 18 years. With a rich heritage in Communications, Media and Entertainment, our diverse and expanding portfolio includes Fortune 500 enterprises spanning Utilities, Manufacturing, Insurance, CPG, Healthcare, Logistics and other select verticals.
pureIntegration is an Equal Opportunity Employer (EOE), qualified applicants are considered for employment without regard to age, race, color, religion, sex, national origin, sexual orientation, disability, or veteran status.",https://www.indeed.com/jobs?q=developer&l=United+States&sc=0kf%3Ajt%28contract%29%3B&radius=50&start=10&pp=gQAPAAAAAAAAAAAAAAAB_s_kNgArAQEBBgVl4oOZ_R9ymFj1W7lsmmwN-LDZcB77iYaqOzdfSblRGM0jcRSJCAAA&vjk=8d513ad4b91161aa,Posted Today,Indeed,contract
"UI Front End Developer
",Lantana Consulting Group,"East Thetford, VT 05043","UI Front End Developer
Contract
Company: Lantana Consulting Group provides services and software for standards-based health information exchange. We have built our expertise through more than a decade of development and deployment of technical specifications and interoperability solutions. As a distributed company with no single brick and mortar office, Lantana can hire the best available talent and offer a flexible work schedule.
Primary purpose: Develop visual elements from the users’ vantage point within web-based applications. Translate UI/UX design wireframes to actual code that will produce visual elements of applications. Work with the UI Designer to bridge the gap between graphical design and technical implementation, taking an active role in defining how the applications looks and works.
A successful candidate will:
Develop responsive, web-based user interfaces.
Build reusable code and libraries for future use.
Ensure the technical feasibility of UI/UX designs.
Optimize applications for maximum scalability and speed.
Collaborate with back-end developers with coding and troubleshooting.
Be able to juggle competing project demands and work with management to understand priorities.
Required Qualifications:
Degree in computer science, information technology, or related discipline.
Proven experience as a front-end developer, demonstrated by portfolio of work.
Knowledge of CSS, CSS extension languages, and CSS preprocessor tools.
Experience with Enterprise JavaScript technology stack, including Node.JS, TypeScript, Angular and Bootstrap.
Knowledge of Agile and Kanban software development methodologies.
Preferred Qualifications:
Experience integrating with REST APIs and building CRUD applications around them.
Knowledge of Clinical Document Architecture® (CDA) and/or HL7® Fast Healthcare Interoperability Resource® (FHIR).
Experience with virtualization technologies (such as Docker and Kubernetes).
Additional Job Information:
This position is 100% work-from-home/remote.
Lantana is an equal opportunity employer. All qualified applicants for current openings will receive consideration for employment without regard to race, color, religion, sex, sexual orientation, gender identity, or national origin.
For this position, we are not accepting applicants outside of the United States.
To apply, please submit a resume to careers@lantanagroup.com.

HL7, CDA, FHIR and the FHIR [FLAME DESIGN] are the registered trademarks of Health Level Seven International and their use does not constitute endorsement by HL7.",https://www.indeed.com/jobs?q=developer&l=United+States&sc=0kf%3Ajt%28contract%29%3B&radius=50&start=10&pp=gQAPAAAAAAAAAAAAAAAB_s_kNgArAQEBBgVl4oOZ_R9ymFj1W7lsmmwN-LDZcB77iYaqOzdfSblRGM0jcRSJCAAA&vjk=c399cc8da08ad594,Posted Today,Indeed,contract
"UI developer
",Northern Trust Corp.,"50 South Lasalle Street, Chicago, IL 60603","Chicago, IL, United States
Contract (11 months 27 days)
Published 9 days ago
typescript
java
REACT
javascript
NTAM Digital Experience UI Engineer
Who We Are

As the Digital Experience UI Engineer for Northern Trust Asset Management (NTAM), you will assist in the execution of the strategic vision of distribution technology capabilities for Northern Trust Asset Management, the 16th largest investment manager in the world, entrusted with more than $850 billion by investors around the globe. NTAM’s mission is to help investors achieve their most important goals and we do so by using our time-tested investment expertise to confidently navigate changing market environments. Cultural core values rest upon passion, competence, intellectual curiosity, diversity, and humility. You will be a key leader, working closely with the Head of NTAM Distribution Technology and NTAM Distribution Technology team to deliver large-scale web and mobile applications that create an industry-leading integrated client experience. This position will report to the Head of NTAM Marketing Distribution Technology and be a key Leader.

This exciting hands-on Engineering opportunity encompasses all facets of digital delivery management, solution management, technical project and client management. This successful leader must have digital and technical domain expertise and excellent communication skills that allow for cultivating confidence and trust with internal business partners.

The Marketing Distribution Technology team is a multidisciplinary development, design and delivery group dedicated to delivering innovative, differentiated and exceptional experiences to Northern Trust’s Asset Management clients and employees. Distribution Technology is committed to growing and supporting a diverse team, with a collaborative environment that provides educational and career growth opportunities.


What You Will Do

The UI Engineer is a hands-on developer, who leads with empathy, takes ownership of projects, coaches teams to mature our agile practices, and:
Provides thought-leadership to staff related to solution architecture, solution capabilities, and applied Agile development for front end/UI applications.
Contributes to an open culture that enables employees’ development through direct but kind feedback, promotes diverse perspectives and fosters a sense of curiosity and optimism
Lead implementation teams to ensure quality, completeness and timeliness of solution delivery.
Leads an agile team to exceptional user interfaces and redesign efforts, including SEO, SEM, personalization, analytics, integration with 3rd party data and platforms (e.g., Marketo, Salesforce, digital channels, etc.) and UX, data visualization and interactive tools
Works with the scrum master to effectively communicate program status and progress against objectives to clients and senior management. Synthesize relevant information on key milestones, success criteria, staff and client and risks. Escalate critical issues appropriately.
Brings in contemporary modern delivery methods and techniques such as dev ops, automation and human-centered design or design thinking
Defines and monitors metrics to improve applications’ stability and availability, as well as sustain and improve cost efficiencies and productivity gains
Supports new technology implementations from solution discovery through implementation
Stays abreast of latest digital marketing technology trends
Your Knowledge and Skills
As an Application Development Lead, you must have experience with at least some, but not all, of the following:
Strong Web UI Development experience using REACT or Angular JS
Experience with large and complex systems for both internal and external clients.
Experience working on Marketing Web applications.
Strong database skills - SQL, PL/SQL, Oracle.
Experience with Web Services (REST/SOAP) and messaging technologies such as MQ and JMS
Experience with Cloud and micro-services concepts and technologies: Azure, AWS, or PCF.
Experience with continuous integration tools: Maven, Bamboo, TFS, ANT and Sonar.
Strong User Interface and back-end processing experience.
Bachelor's degree in Computer Science or equivalent experience
Experience on the application of Lean, Agile and continuous learning practices, as well as knowledge of various website application designs and programming techniques
Cultivating strong working relationships with users, peers, business partners, and vendors alike
Demonstrated and successful experience in overseeing digital projects, including managing vendors/agency, developing requirements and measuring results
Applying a technical understanding of data integration practices
Willingness to mentor junior staff
It would be beneficial if you have some, but not all, of the following:
Digital agency background delivering large-scale IT solutions across Adobe Experience Cloud (AEM, Target, Analytics, Audience Manager, and Campaign).
Worked in a multinational Asset or Wealth management organization
Business knowledge of financial services applications
Working knowledge of integrating sales and marketing tools and workflow ecosystem

We’re interested in learning more about the experiences that you would bring to Digital Experience Solutions at Northern Trust. Apply here, or check out our other open positions at northerntrustcareers.com.",https://www.indeed.com/jobs?q=developer&l=United+States&sc=0kf%3Ajt%28contract%29%3B&radius=50&start=10&pp=gQAPAAAAAAAAAAAAAAAB_s_kNgArAQEBBgVl4oOZ_R9ymFj1W7lsmmwN-LDZcB77iYaqOzdfSblRGM0jcRSJCAAA&vjk=3e3924b5b891b547,Posted Today,Indeed,contract
"Process Analytics Engineer - Remote
",ASK Consulting,Massachusetts,"Job Type:Contract
Posted 22 days ago

Expiry Date: 14 April 2023
Referral: 224376@accuick.com
Job Description:
Client is seeking a highly motivated process analytics engineer who will be closely working with engineers and scientists in Manufacturing Science & Technology Process group to develop advanced multivariate analysis models.
Key Deliverables:
Develop models for real-time multivariate process monitoring
Maintain the existing modeling platforms
Develop advanced data analytics methods to transform manufacturing/lab data into actionable proactive insights
Do data engineering, data analysis, data visualization, modeling and prediction
Basic Qualifications:
Required Bachelor with 5+ years of direct work experience, or Master with 3+ years of direct work experience, or PhD, in engineering or science (preferably in process engineering or chemical engineering)
Background in Biologics, Chemical Engineering is required Knowledge of Data Science and Statistics, specifically Multivariate Analysis techniques is required
Knowledge of Statistical Process Control Understanding of Process Flow Diagram (PFD) or Process and Instrumentation Diagram (P&ID)
Experience with modeling tools such as SIMCA or Matlab is required
Experience with Python (specifically Pandas library) is required
Experience with statistical analysis using Excel or JMP
Strong communication skills: Oral/Written
Preferred Skillsets and Experience:
Experience in one or more of the following advanced data analytics skills:
Chemometrics, Process Analytics Technology (PAT), Clustering, Classification, Regression, Principle Component Analysis (PCA), Partial Least Squares (PLS),
Machine Learning, Neural Network, etc.
Experience with manufacturing process time series data, images, and spectra data.
Technical knowledge of biologics manufacturing operations such as cell culture, recovery, and purification
Experience with OSI PI (PI Historian, PI Process Book)
Experience with Discoverant
Experience with time series analysis tools such as Seeq
About ASK: ASK Consulting is an award-winning technology and professional services recruiting firm servicing Fortune 500 organizations nationally. With 5 nationwide offices, two global delivery centers, and employees in 42 states-ASK Consulting connects people with amazing opportunities
ASK Consulting is an equal opportunity employer. We celebrate diversity and are committed to creating an inclusive environment for all associates.",https://www.indeed.com/jobs?q=developer&l=United+States&sc=0kf%3Ajt%28contract%29%3B&radius=50&start=10&pp=gQAPAAAAAAAAAAAAAAAB_s_kNgArAQEBBgVl4oOZ_R9ymFj1W7lsmmwN-LDZcB77iYaqOzdfSblRGM0jcRSJCAAA&vjk=747a6cb731cc9f7f,Posted Today,Indeed,contract
"Java Service Developer (contract)
",Wells Fargo,"1 MAPLE ST, Summit, NJ 07901","Title: Java Service Developer
Location:
Summit, NJ
New York, NY
Charlotte, NC
Minneapolis, MN
Phoenix, AZ
Duration: 12 months
Benefits on offer for this contract position: Health Insurance, Life insurance, 401K and Voluntary Benefits

Summary:
Lead moderately complex initiatives and deliverables within technical domain environments. Contribute to large scale planning of strategies. Design, code, test, debug, and document for projects and programs associated with technology domain, including upgrades and deployments. Review moderately complex technical challenges that require an in-depth evaluation of technologies and procedures. Resolve moderately complex issues and lead a team to meet existing client needs or potential new clients needs while leveraging solid understanding of the function, policies, procedures, or compliance requirements. Collaborate and consult with peers, colleagues, and mid-level managers to resolve technical challenges and achieve goals. Lead projects and act as an escalation point, provide guidance and direction to less experienced staff.

Qualifications:
IT industry experience with all phases of SDLC
Experience on Java, Spring, Spring MVC, Spring Boot, XML, JSON, RESTful services, JDBC, JPA, Unit Test Framework
Proficiency in J2EE architecture and design patterns
Experience developing micro services
Experience with DevOps
Proficiency in Agile delivery
JIRA/Confluence Proficiency
Strong written and verbal communication skills.
Strong experience in SQL

Nice to Have:
Archer experience",https://www.indeed.com/jobs?q=developer&l=United+States&sc=0kf%3Ajt%28contract%29%3B&radius=50&start=10&pp=gQAPAAAAAAAAAAAAAAAB_s_kNgArAQEBBgVl4oOZ_R9ymFj1W7lsmmwN-LDZcB77iYaqOzdfSblRGM0jcRSJCAAA&vjk=f67b17de7146d6b3,Posted Today,Indeed,contract
"Software Developer
",BOEING,"Berkeley Heights, NJ","At Boeing, we innovate and collaborate to make the world a better place. From the seabed to outer space, you can contribute to work that matters with a company where diversity, equity and inclusion are shared values. We’re committed to fostering an environment for every teammate that’s welcoming, respectful and inclusive, with great opportunity for professional growth. Find your future with us.
Are you up for the challenge? Do you want free money in your 401k? Do you want job security and a company that invests in you? You need to check us out!
In this exciting role you will work with real-time data and create tools using cutting-edge visualization, development, and analytic technologies.
ALONG WITH COMPETITIVE SALARIES AND OUR COMPREHENSIVE BENEFITS, WE OFFER:
Employee Performance Incentives
Ongoing Training Opportunities
Boeing Employee Discount Program
Health Insurance Opt-out Incentives
Generous 401k Contribution – 10% contribution (NOT A MATCH)
Student Debt Payoff
Up to $30k Tuition Assistance
HSA Contributions
Professional Development Program
Every day, Boeing Intelligence & Analytics supports global missions by building and delivering intelligence, analytics, and cyber solutions that enable users to advance national security. We have provided our customers with the tools needed to counter evolving global and cyber threats, and to improve wartime decision making. Our talented employees bring software development, systems engineering, and advanced analytics expertise. We offer numerous prime contract opportunities with customers headquartered in Maryland, Virginia, and the District of Columbia, as well as subcontract opportunities that align with our areas of focus and additional opportunities nationwide through our parent company.
Boeing Intelligence & Analytics is seeking a Software Developer to join our team in .
Work Location: Berkeley Heights, New Jersey
Telework Availability: N/A
Team Overview: This team owns development, deployment and support for an enterprise level application that provides dissemination of mission-critical data at the absolute first point of relevance. We do real-time big data analytics, driving collaboration across various defense agencies, while empowering the data analyst to gain the efficiencies and effectiveness offered by our sophisticated data mining application. The primary mission is to provide national policy makers with the most accurate and up-to-date data analytic capabilities, thereby helping them with decisions affecting national security issues. This is a multi-year contract and the team is currently centered around developing and supporting a cutting edge application in an Amazon Web Services-based Micro services framework.
What you will do (day in the life):
Interacts with customers, PMs and other development teams to gather, analyze and define requirements to determine the most effective software and web technologies to satisfy the client needs
Develops, maintains, supports and enhances complex and diverse software systems (e.g., processing-intensive analytics, novel algorithm development, manipulation of extremely large data sets, real-time systems, and business management information systems) based upon documented requirements
Provides specific input to the software components of system design to include hardware/software trade-offs, software reuse, and requirements analysis from system level to individual software components
Utilizes software engineering and design methodologies appropriate to the development, integration, and enterprise level production environment
Reviews and tests software components for adherence to the design requirements and documents test results
Designs, creates, tests, and maintains software and web based applications and content solutions to satisfy customer requirements
Follows a formal design process using formal specifications, data flow diagrams, and adheres to laws, standards, and established guidelines for development and delivery of software and web applications
Designs and develops visually-pleasing, content rich, user-friendly interfaces with intuitive navigation
Develops and maintains software and web development technical documentation to assist with software and web application maintenance and upgrades
Provides software process management and configuration management throughout the software / web development life cycle.
Serves as the technical lead of multiple software development teams.
Selects the software development processes in coordination with the customer and system engineering.
Recommends new technologies and processes for complex software projects.
Ensures quality control of all developed and modified software.
Delegates programming and testing responsibilities to one or more teams and monitor their performance.
Analyzes and troubleshoots extremely complex software problems and provides solutions using the latest technologies.
Integrates new software and web products with existing software and web applications in order to improve the functionality or design of the system.
REQUIREMENTS:
Experience in troubleshooting complex data analytic systems.
DevOps exposure, with strong Linux back-end debugging skills.
Experience with Unix/Linux, Ruby/JRuby, Ruby on Rails, Python, Java, Java Script, C/C++, Shell Scripting, and ETL processes in a clustered environment.
Technical understanding of big data concepts, cloud technologies such as AWS, Hadoop, and strong trouble shooting skills.
Familiarity with Machine Learning / Artificial Intelligence concepts is highly desired.
Bachelors Degree with 10 years of relevant experience (or Masters Degree with 8 years experience) with enterprise level SDLC.
Boeing Intelligence & Analytics Benefits:
Employees are more effective on the job when they are not distracted by health and financial worries. To support our workforce, we offer a wide variety of health, life and other insurance benefits (as described above) that allow each employee to choose the coverage best suited to their needs and the needs of their family.
BI&A is an Equal Opportunity Employer. All qualified applicants will receive consideration for employment without regard to race,color, religion, sex, pregnancy, sexual orientation, gender identity, national origin, age, protected veteran status, or disability status.
Equal Employment Opportunity is the Law (PDF)

Equal Opportunity Employer:
Boeing is an Equal Opportunity Employer. Employment decisions are made without regard to race, color, religion, national origin, gender, sexual orientation, gender identity, age, physical or mental disability, genetic factors, military/veteran status or other characteristics protected by law.",https://www.indeed.com/jobs?q=developer&l=United+States&sc=0kf%3Ajt%28contract%29%3B&radius=50&start=10&pp=gQAPAAAAAAAAAAAAAAAB_s_kNgArAQEBBgVl4oOZ_R9ymFj1W7lsmmwN-LDZcB77iYaqOzdfSblRGM0jcRSJCAAA&vjk=584ba08806e4750e,Posted Today,Indeed,contract
"Backend Java Developer
",Intone Networks,"Atlanta, GA 30303","Need the following: 10+ years of Backend Java development 4+ years of Kafka - experience with event based architectures 4+ years of AWS or Azure, if they have both would be a plus Backend Java Developer Job Description: Collaborate with the Business Analyst(s)/Architects on non-functional requirements Triage and resolve technical issues escalated from development teams Partner with business stakeholders to explore options Identify and evaluate potential solutions Participate in requirement gathering sessions and actively represent technical concerns, options, and potential impacts Understand high-level user stories and expected return Define and document specifications for APIs/SOAP services Write production-quality code using standard integration and API patterns in continuous integration/delivery environments Expose APIs/SOAP services through RedHat platform Contribute to quality assurance for the APIs and integrations built in terms of unit testing, functional testing and non-functional testing Test various features/functionalities of new tools/frameworks to be introduced in the mix Collaborate with various stakeholders and multiple teams to own the delivery of high quality end-product Must have worked in projects implementing Agile methodologies. Required Experience: Backend Java Developer with 10+ years of experience working across multiple application technologies and business functions Client facing role, will work with Offshore and Business Technical Skills: Java backend development, SpringBoot, Kafka and AWS and/or Azure Prior experience of working with Postgres or MySQL",https://www.indeed.com/jobs?q=developer&l=United+States&sc=0kf%3Ajt%28contract%29%3B&radius=50&start=20&pp=gQAeAAAAAAAAAAAAAAAB_s_kNgBGAQEBDSjDBik62pI-tbvuNDJPYfRzo1gf4_gJPfQ8QQVFfsNIZzkOWQAi5UNxua4sXYYbNa6Qf03NfNzAXgDVb048owjT3wAA&vjk=2bb2a539c68e6699,Posted Today,Indeed,contract
"Database Developer 595
",The Swift Group,"Herndon, VA 20170","Job Description
The Contractor shall provide systems engineering, custom application development, database administration and operations and maintenance (O&M) for the Sponsor system in support of the full system lifecycle. The Contractor shall provide support for deployment packaging, system maintenance and troubleshooting for software and virtual infrastructure (cloud) components to maintain sustainability and reliability of the Sponsor’s system. The new system must meet Sponsor approved timelines for new development and integration activities.
The Contractor shall ensure that all development of applications and infrastructure integration comply with Sponsor’s security, architectural policies, regulations and Sponsor’s reference architecture.
The Contractor shall be required to communicate and collaborate across organizational boundaries, to include other contractor teams. The Contractor shall be required to work with Sponsor staff and contractor personnel, as well as external stakeholders.
Required Skills
Develop formal database requirements for Sponsor consideration.
Analyze existing databases and data needs to develop effective systems.
Translate database requirements into end-to-end design for databases that may involve multiple interfaces to other database systems.
Design, develop, implement and maintain database structures.
Design and maintain interactive web databases and web services; design graphics and user interfaces.
Develop, test, implement and maintain security procedures to protect databases from unauthorized usage.
Develop, test, implement and maintain complex functions, scripts, stored procedures and triggers to support application development.
Ensure data quality and integrity in databases.
Write interfaces to other database systems.
Integrate modules, test and resolve any errors.
Conduct unit/functional testing.
Track and resolve discrepancy reports.
Modify databases according to requirements and perform testing of modifications.
Organize content, develop color schemes, design and produce graphics.
Demonstrated experience translating database requirements into end-to-end design for databases that may involve multiple interfaces to other database systems.
About iC-1 Solutions, LLC.
The Swift Group is a privately held, mission-driven and employee-focused services and solutions company headquartered in Reston, Virginia. Founded in 2019, The Swift Group supports Civilian, Defense, and Intelligence Community customers, across the country and around the globe.

The Swift Groups is an Equal Opportunity/Affirmative Action employer. All qualified applicants will receive consideration for employment without regard to race, color, religion, sex, sexual orientation, gender identity, national origin, disability, or veteran status, or any other protected class.",https://www.indeed.com/jobs?q=developer&l=United+States&sc=0kf%3Ajt%28contract%29%3B&radius=50&start=20&pp=gQAeAAAAAAAAAAAAAAAB_s_kNgBGAQEBDSjDBik62pI-tbvuNDJPYfRzo1gf4_gJPfQ8QQVFfsNIZzkOWQAi5UNxua4sXYYbNa6Qf03NfNzAXgDVb048owjT3wAA&vjk=306422b6dff50ca7,Posted Today,Indeed,contract
"Web-Developer
",Celandyne Software Solutions,"400 Martin Av, Santa Clara, CA 95050","Date of Posting:
05/03/2017
Terms:
C2C
Duration:
6+ months contract
Number of Positions Available:
1
Job Responsibilities:
Work in a collaborative effort to evaluate, edit, enhance, format, or delete current static pages associated with the agency external web site
Ability to plan, organize, review, implement associated project milestones to completion.
Ensure web pages and images follow agency style guide.
Ensure web pages are 508 compliant
Ensure use of metadata tags and keywords
Ensure web page uses agency CSS for style and layout
Assist with site testing on a range of devices and browsers
Ensure browser capability
Create and/or work with Graphics on supporting web site related images.
Ensure web site pages are checked out and in from central code repository.
Identify issues and recommend solutions
Assist with trouble shooting as required
Ensure site continuity between pages and make corrections
Recommend and assist in the design of site content to align with organizational strategic business objectives.
Assist with content migration and supporting scheduled tasks to new Drupal CMS environment, testing, validation, and user acceptance.
Create supporting project and system documentation.
Skills:
Web Site Design
CSS, HTML, JavaScript, and XML
Dreamweaver
Internet Browsers and devices
Web Content Accessibility Guidelines (WCAG)
Graphic Editors
Drupal
Education and Experience:
Bachelor’s degree in computer science or equivalent relevant academic qualifications.",https://www.indeed.com/jobs?q=developer&l=United+States&sc=0kf%3Ajt%28contract%29%3B&radius=50&start=20&pp=gQAeAAAAAAAAAAAAAAAB_s_kNgBGAQEBDSjDBik62pI-tbvuNDJPYfRzo1gf4_gJPfQ8QQVFfsNIZzkOWQAi5UNxua4sXYYbNa6Qf03NfNzAXgDVb048owjT3wAA&vjk=710e11149223e978,Posted Today,Indeed,contract
"Full-Stack Developer MUST be in US
",Gretrix LLC,Remote,"Full-Stack Developer MUST be in US
REMOTE: FULLY REMOTE
Are you a Full-Stack Developer looking for an exciting opportunity to grow your skills and gain invaluable experience? Are you ready to join a business where you can progress from an intern to CEO faster than anywhere else?
We are Gretrix, a full-stack web development company specializing in marketing and analytics. From our interns to our executives, we value autonomy, flexibility, and humble openness. And we are always looking for driven individuals with strength of character and a willingness to learn. For the right person, there are ample opportunities for lateral and vertical growth.
We are seeking a talented Full-Stack Developer to join our team. This person should possess the knowledge to develop on both the front and back end and should be able to design, develop and maintain fully functioning platforms with databases and servers, without the use of 3rd party applications. The ideal applicant should have knowledge & experience with the following technology stacks: Java, JavaScript, HTML, PHP, Node, SQL/MySQL.
Duties of the position include, but are not limited to, participating in the design and creation of scalable software, writing clean, functional code on the front- and back-end, testing and fixing bugs or other coding issues, assisting team members with various issues/blockers that arise during the development process, collaborating with cross-functional teams to identify and prioritize software features, and maintaining technical documentation related to software development processes.
If you thrive in a fast-paced environment, have a fail-forward mentality, and are passionate about developing desktop and mobile applications, we want to hear from you. At Gretrix, we offer ample opportunities for growth. If you are interested in this position and meet the qualifications, please submit your resume. Kickstart your career with Gretrix today!

Location: ,
Employment Type: Contract/Temporary
Salary: $12 - $12 /per hour
Skill Level: Entry Level",https://www.indeed.com/jobs?q=developer&l=United+States&sc=0kf%3Ajt%28contract%29%3B&radius=50&start=20&pp=gQAeAAAAAAAAAAAAAAAB_s_kNgBGAQEBDSjDBik62pI-tbvuNDJPYfRzo1gf4_gJPfQ8QQVFfsNIZzkOWQAi5UNxua4sXYYbNa6Qf03NfNzAXgDVb048owjT3wAA&vjk=09ef6db7906ac90a,Posted Today,Indeed,contract
"Looking for RPG Developer position at Chesapeake, VA
",Miracle Software Systems,Virginia,"USA-Virginia
Exp 6 - 10 Years
Key Skills
RPG
AS/400
iSeries
SQL Server
Responsibilities
RPG Developer
Chesapeake, VA
6 Months

3+ years experience in RPG programming, including RPG III (RPG 3)
5+ years experience in AS/400, iSeries, or IBM I environment.
3+ years experience in SQL programming.
Bachelor's degree or equivalent experience. Documentation experience a big-plus Gather and analyze requirements from client.
Must have good written and verbal communication, strong analytical and problem solving skills.
Must understand and develop efficient designs. Should have problem solving, prioritizing tasks, multi-tasking abilities Should be able to understand and handle tasks independently.",https://www.indeed.com/jobs?q=developer&l=United+States&sc=0kf%3Ajt%28contract%29%3B&radius=50&start=20&pp=gQAeAAAAAAAAAAAAAAAB_s_kNgBGAQEBDSjDBik62pI-tbvuNDJPYfRzo1gf4_gJPfQ8QQVFfsNIZzkOWQAi5UNxua4sXYYbNa6Qf03NfNzAXgDVb048owjT3wAA&vjk=15da2525c05a6497,Posted Today,Indeed,contract
"C#-Windows Desktop
",Intone Networks,Remote,C# .Net (Windows Desktop) applications development - Ideal to have Installer - REMOTE – ideally PST candidate or must be able and willing to work PST hours,https://www.indeed.com/jobs?q=developer&l=United+States&sc=0kf%3Ajt%28contract%29%3B&radius=50&start=20&pp=gQAeAAAAAAAAAAAAAAAB_s_kNgBGAQEBDSjDBik62pI-tbvuNDJPYfRzo1gf4_gJPfQ8QQVFfsNIZzkOWQAi5UNxua4sXYYbNa6Qf03NfNzAXgDVb048owjT3wAA&vjk=a01752f774f1b01c,Posted Today,Indeed,contract
"CONTRACT PHP PROGRAMMER
",T.Lockman,"Atlanta, GA","No Phone Calls Accepted on any available positions. To Apply please email your resume with the job title in the email subject to: jobs@tlockman.com

JOB TITLE:
CONTRACT PHP PROGRAMMER

LOCATION:
ATLANTA, GA
JOB DESCRIPTION:
Creating specific modules that work with current e-commerce shopping cart code

QUALIFICATIONS:
Extensive experience in PHP Development and e-commerce developing.
College Degree in computer science or extensive work history in web development.",https://www.indeed.com/jobs?q=developer&l=United+States&sc=0kf%3Ajt%28contract%29%3B&radius=50&start=20&pp=gQAeAAAAAAAAAAAAAAAB_s_kNgBGAQEBDSjDBik62pI-tbvuNDJPYfRzo1gf4_gJPfQ8QQVFfsNIZzkOWQAi5UNxua4sXYYbNa6Qf03NfNzAXgDVb048owjT3wAA&vjk=fd26945f5770a627,Posted Today,Indeed,contract
"Web Development Contractor
",VOLTAGE,"608 Main St, Louisville, CO 80027","At VOLTAGE we believe that “work” is a medium for being a Force For Good for our clients, our team members and our community. We participate in company service events, maintain work-life balance, and donate 4% of our profits to charitable causes.
We are creators. We take ownership in our work. We take ideas from start to finish. We know how to get projects done while maintaining the highest standard of quality. We coach our clients to protect their best interests.
VOLTAGE is an award-winning digital agency focused on E-Commerce and custom software. Results-driven strategy, out-of-this-world creativity and rock-solid digital delivery make VOLTAGE the perfect expert practitioner for clients such as adidas, Reebok and Chipotle.
Our tight-knit development team is always on the cutting edge of web technologies, tools and processes. Our primary frameworks and platforms are Laravel, Shopify, WordPress/WooCommerce and CraftCMS. On the front-end we use Vue.js, AngularJS, jQuery and lots of pixel-perfect CSS.
We are currently seeking a part to full-time development contractor who supports our Force For Good mission and has skills comparable to our Sr Front-End Developer or Sr Laravel Developer job listings. Contractors work on small development teams with other developers and a project manager. Contractors must be available during core business hours (9:00-5MT). And no, contractors do not need to be physically present in Colorado.
Compensation is based on level of performance. $80-$100/hr",https://www.indeed.com/jobs?q=developer&l=United+States&sc=0kf%3Ajt%28contract%29%3B&radius=50&start=20&pp=gQAeAAAAAAAAAAAAAAAB_s_kNgBGAQEBDSjDBik62pI-tbvuNDJPYfRzo1gf4_gJPfQ8QQVFfsNIZzkOWQAi5UNxua4sXYYbNa6Qf03NfNzAXgDVb048owjT3wAA&vjk=99a98d1f723717ea,Posted Today,Indeed,contract
"Java Developer
",The Swift Group,Remote,"Job Description
iC-1 Solutions is looking for a full time developer to work on integrating the Oracle Java/ADF based application with the portal systems. This resource will play a key technical role in the development, and implementation of Java and Oracle ADF based solutions in AWS Platform. This person will play a technical developer role throughout the life-cycle of the project and will have significant interaction with key client personnel. Other activities include participating in design meetings with other team members to design user friendly web pages which are 508 compliant; and conducting research and evaluation of software-related technologies and products.
Required Skills
3+ years of hands-on experience using Oracle Java/ADF and design, development and deployment of ADF applications
7+ years of experience programming/developing rich client web applications using J2EE specs including Java, JSF, EJB, Oracle ADF Framework
Strong Programming skills in Java, J2EE, Spring boot, Servlets, Beans, HTML, JDBC, XML and JavaScript
Experience with deploying Java/ADF applications in AWS cloud platform
Experience developing application using AWS Lambda and API Gateway
Strong experience with Oracle SQL, distributed technologies, Frameworks and Application servers
Experience with all phases of a project lifecycle development process (analysis, design, code, test, migrate)
Ability to provide production and maintenance support
About iC-1 Solutions, LLC.
The Swift Group is a privately held, mission-driven and employee-focused services and solutions company headquartered in Reston, Virginia. Founded in 2019, The Swift Group supports Civilian, Defense, and Intelligence Community customers, across the country and around the globe.

The Swift Groups is an Equal Opportunity/Affirmative Action employer. All qualified applicants will receive consideration for employment without regard to race, color, religion, sex, sexual orientation, gender identity, national origin, disability, or veteran status, or any other protected class.",https://www.indeed.com/jobs?q=developer&l=United+States&sc=0kf%3Ajt%28contract%29%3B&radius=50&start=20&pp=gQAeAAAAAAAAAAAAAAAB_s_kNgBGAQEBDSjDBik62pI-tbvuNDJPYfRzo1gf4_gJPfQ8QQVFfsNIZzkOWQAi5UNxua4sXYYbNa6Qf03NfNzAXgDVb048owjT3wAA&vjk=8dc3dcd974eda964,Posted Today,Indeed,contract
"PHP Developers
",10Types,"Wilmington, DE","If interested in pursuing any of our employment or contract opportunities, please submit your credentials / resume, references, and rate information via email to jobs@10types.com.

10Types is looking to engage PHP Developers on a 1099 contract basis. Must have experience with web application development on Linux systems using MySQL or PostgreSQL. Mid to Senior level preferred.
Programmers are engaged on a per-project basis. Follow-on opportunities are based on previous performance.",https://www.indeed.com/jobs?q=developer&l=United+States&sc=0kf%3Ajt%28contract%29%3B&radius=50&start=20&pp=gQAeAAAAAAAAAAAAAAAB_s_kNgBGAQEBDSjDBik62pI-tbvuNDJPYfRzo1gf4_gJPfQ8QQVFfsNIZzkOWQAi5UNxua4sXYYbNa6Qf03NfNzAXgDVb048owjT3wAA&vjk=4c63d877efd6bab6,Posted Today,Indeed,contract
"JavaScript Developer
",ATC,"Moline, IL","Title: Software Engineer I

Location: Moline, IL

Interview: Webcam Interview Only

Description:

Major Purpose:
Works on a product team alongside other software engineers and software analysts to support basic product design by writing and testing code to deliver simple to complex functionality on a defined portion of the product it supports. This is an entry level role that is designed to learn, grow in competence, and develop the most basic capability needed to operate effectively in this role. Work and decisions are reviewed by supervisors before implementation; Applies existing applications to routine problems.

Major Duties:
Develops, codes, configures, and tests programs and systems.
Evaluates and implements enhancement design solutions to improve cost, quality, and performance of software applications.
Analyzes assignments and determines software specifications that must be fulfilled to achieve objectives.
Executes necessary documentation, as directed, or needed.
• Collaborates with other relevant stakeholders and team members to ensure that features meet business needs. • Follows industry-standard agile software design methodology for development and documentation.

Skills, Abilities, Knowledge:
Ability to analyze, translate, and define business requirements into technical solutions.
Excellence in verbal and written communication forms with emphasis on persuasive communication, tact and negotiation.
Ability to apply engineering principles and concepts for designs.
Ability to manage many competing priorities/requests in a fast-paced environment

Education:
Degree in an Engineering/Technology discipline or equivalent experience. - University Degree (4 years or equivalent)
Degree in an Information Technology discipline or equivalent experience. - University Degree (4 years or equivalent)

Work Experience:
Previous experience in programming/software development. (1 - 3 years)
Software development processes experience. (1 - 3 years)
Participating in Agile Development (1 - 3 years)
Experience working in an Agile Environment (1 - 3 years)

Skill Set Requirements:
Development experience with HTML, CSS and JavaScript – MUST HAVE
React component libraries like Material UI, React-Bootstrap, and Fluent UI – MUST HAVE
Experience with tools such as GitHub, AWS, Jenkins, Node, NPM/Yarn.
Hands-on Test-Driven Development (TDD)

Additional Notes:
This team is currently working a hybrid schedule (2 days onsite/week). The manager is willing to consider fully remote candidates if they are highly qualified.
Recent college graduates will be considered for this position",https://www.indeed.com/jobs?q=developer&l=United+States&sc=0kf%3Ajt%28contract%29%3B&radius=50&start=20&pp=gQAeAAAAAAAAAAAAAAAB_s_kNgBGAQEBDSjDBik62pI-tbvuNDJPYfRzo1gf4_gJPfQ8QQVFfsNIZzkOWQAi5UNxua4sXYYbNa6Qf03NfNzAXgDVb048owjT3wAA&vjk=b8c6fc8663516a3e,Posted Today,Indeed,contract
" PHP/MySQL Developer
",Third Rock,"1406B Waterloo Trl, Austin, TX 78704","Part Time/Contract 6 Months
Third Rock has it’s roots in the Austin area for over 20 years. Despite being around for two decades, we are a passionate company that is always looking to improve how things are done. We have the attitude that we can do the impossible for our clients. We believe that all of our team is invaluable to the success of both our clients and Third Rock!
We are always looking for bright, energetic people to join our team. If you think you have what it takes either part time or full time, let us know a little about yourself!
We are looking for an experienced developer with strong experience in PHP 7+, JQuery, Bootstrap, and MySQL. Must be comfortable developing without a framework. Looking at 10-20 hours / week. Other tasks will include, weekly status/planning meetings, code review, and testing.",https://www.indeed.com/jobs?q=developer&l=United+States&sc=0kf%3Ajt%28contract%29%3B&radius=50&start=20&pp=gQAeAAAAAAAAAAAAAAAB_s_kNgBGAQEBDSjDBik62pI-tbvuNDJPYfRzo1gf4_gJPfQ8QQVFfsNIZzkOWQAi5UNxua4sXYYbNa6Qf03NfNzAXgDVb048owjT3wAA&vjk=cdc46bdb0e957aac,Posted Today,Indeed,contract
"Backend node js
",Intone Networks,"Sunnyvale, CA",4 years minimum of Node Development in an enterprise environment. - GraphQL experience is a must -Any Ecommerce experience is a huge plus.,https://www.indeed.com/jobs?q=developer&l=United+States&sc=0kf%3Ajt%28contract%29%3B&radius=50&start=20&pp=gQAeAAAAAAAAAAAAAAAB_s_kNgBGAQEBDSjDBik62pI-tbvuNDJPYfRzo1gf4_gJPfQ8QQVFfsNIZzkOWQAi5UNxua4sXYYbNa6Qf03NfNzAXgDVb048owjT3wAA&vjk=5c14c616c9be29e5,Posted Today,Indeed,contract
"SOFTWARE DEVELOPER
",Brandon Systems,"Farmingdale, NY","Brandon Systems (a Brandon Associates company) is searching for a Software Developer to perform the duties of programming, web development, web design, and database programming for our new and existing clientele. Candidate should:
Be able to conceptualize full project life cycle
Understand the importance of iteration and testing
Have outstanding creative skills coupled with the ability to achieve excellence in a team environment.
RESPONSIBILITIES:
Implement new systems and perform system maintenance based upon client requirements.
Develop implementation plans, test plans and documentation for new and existing projects
Work on program changes under direction of Development Team
REQUIREMENTS:
Implement new systems and perform system maintenance based upon client requirements.
Develop implementation plans, test plans and documentation for new and existing projects
Work on program changes under direction of Development Team
Desired but not required skills include: IIS, ASP.NET, .NET Core, C#, JavaScript, CSS, HTML, React/Redux, CI/CD, Git, Azure DevOps (VSTS), AWS/Azure Cloud Resources
Location
Farmingdale, NY,
Wichita, KS
or Remote
Job Type
Paid:
Contract position or full time
Compensation
Commensurate with experience
Start Date
Available immediately",https://www.indeed.com/jobs?q=developer&l=United+States&sc=0kf%3Ajt%28contract%29%3B&radius=50&start=20&pp=gQAeAAAAAAAAAAAAAAAB_s_kNgBGAQEBDSjDBik62pI-tbvuNDJPYfRzo1gf4_gJPfQ8QQVFfsNIZzkOWQAi5UNxua4sXYYbNa6Qf03NfNzAXgDVb048owjT3wAA&vjk=9126abaec942f5a3,Posted Today,Indeed,contract
"Python Developer
",ASK Consulting,"Princeton, NJ","Job Type:Contract
Posted 11 days ago

Expiry Date: 25 April 2023
Referral: 224884@accuick.com
Job Description:
Responsibilities:
Full Stack Engineer capable of designing solutions and writing and testing code.
Overall delivery of software solutions working in collaboration with IAM team
Following best practices, compliance, and security in cloud and on-prem environments
Ready, willing, and able to pick up new technologies and pitch in on IAM tasks (design, code, test, deploy, etc)
Able to research and learn new methodologies and technologies and bring knowledge to the team
Support existing meta-directory services (Synchronoss)
Position Provides Exposure To:
Back End Skills: Python, Boto3, REST, Database (NoSQL, SQL).
Platforms: Amazon Web Services (S3, RDS, EC2, NLB, CloudFront, Tagging, Cost Reporting, etc.)
Front End Skills: JavaScript, CSS, HTML
Build Tools: git, pip, npm
Basic Qualifications:
Bachelor's Degree or equivalent experience
At least 5 years of experience in software engineering
Preferred Qualifications:
5+ years of python development experience
5+ years of managing AWS environments and architecting on AWS
1+ experience developing applications embracing Agile principles
1+ years of Front-End development experience
LDAP experience a plus
About ASK: ASK Consulting is an award-winning technology and professional services recruiting firm servicing Fortune 500 organizations nationally. With 5 nationwide offices, two global delivery centers, and employees in 42 states-ASK Consulting connects people with amazing opportunities.
ASK Consulting is an equal opportunity employer. We celebrate diversity and are committed to creating an inclusive environment for all associates.",https://www.indeed.com/jobs?q=developer&l=United+States&sc=0kf%3Ajt%28contract%29%3B&radius=50&start=20&pp=gQAeAAAAAAAAAAAAAAAB_s_kNgBGAQEBDSjDBik62pI-tbvuNDJPYfRzo1gf4_gJPfQ8QQVFfsNIZzkOWQAi5UNxua4sXYYbNa6Qf03NfNzAXgDVb048owjT3wAA&vjk=c79526ac017b93f7,Posted Today,Indeed,contract
